,T cells,CD8+ T,Macrophages
PDCD1,0.10147805085982782,0.044376962431001844,
PDL1,0.08773383420640829,0.020701830548103334,
CTLA4,0.012627911448034794,0.15287277328285012,
