,T cells,CD8+ T cells,NK cells,B cells,M1 Macrophages,M2 Macrophages
PDL1,-0.0012250353592000015,0.02785050357138252,-0.08165380831373537,0.044327421592692165,-0.0546085132729782,0.016118787155679708
PDCD1,-0.027515285856842524,0.013386836506096126,0.013415813974523114,-0.02829740624182745,0.028463133360143483,0.04257287771259177
CTLA4,-0.0280933939747233,-0.047647775213728795,-0.025713228263526473,0.013502435939030923,-0.05915083831441863,0.0025960243606819693
LAG3,-0.007240043785197458,-0.06842848221960529,0.004831263442547966,0.0002815910206840251,-0.008098861248420259,0.01153444749708925
TIGIT,0.014918871802242991,-0.021995023306324323,-0.010088740686096909,-0.06463488283158295,-0.03456992106063486,-0.07610437628468968
HAVCR2,0.07355962146209974,-0.054089830938978026,-0.06604479506695636,-0.05779929418967952,-0.038281856476485375,0.05794193310010654
